vizitNumber,stageNumber,stageName,questionId,questionTitle,answerId,answers,answerType,timestamp
1,1,Социально-демографические данные пациента,0,Пол,0,мужской,InputRadio,
1,1,Социально-демографические данные пациента,0,Пол,1,женский,InputRadio,
1,1,Социально-демографические данные пациента,1,Возраст,0,,InputSelectNum,
1,1,Социально-демографические данные пациента,2,Рост,0,,InputSelectNum,
1,1,Социально-демографические данные пациента,3,Вес,0,,InputSelectNum,
1,1,Социально-демографические данные пациента,4,ИМТ,0,,AutoNumber,
1,1,Социально-демографические данные пациента,5,Уровень дохода,0,низкий,InputRadio,
1,1,Социально-демографические данные пациента,5,Уровень дохода,1,средний,InputRadio,
1,1,Социально-демографические данные пациента,5,Уровень дохода,2,высокий,InputRadio,
1,1,Социально-демографические данные пациента,6,Образование,0,среднее,InputRadio,
1,1,Социально-демографические данные пациента,6,Образование,1,средне-специальное,InputRadio,
1,1,Социально-демографические данные пациента,6,Образование,2,без образования,InputRadio,
1,1,Социально-демографические данные пациента,7,Регион РФ,0,Москва и Московская область,DropdownList,
1,1,Социально-демографические данные пациента,7,Регион РФ,1,Свердловская обл,DropdownList,
1,1,Социально-демографические данные пациента,7,Регион РФ,2,Новосибирская обл,DropdownList,
1,1,Социально-демографические данные пациента,7,Регион РФ,3,Нижегородская обл,DropdownList,
1,1,Социально-демографические данные пациента,7,Регион РФ,4,Республика Татарстан,DropdownList,
1,1,Социально-демографические данные пациента,7,Регион РФ,5,Челябинская обл,DropdownList,
1,1,Социально-демографические данные пациента,7,Регион РФ,6,Самарская обл,DropdownList,
1,1,Социально-демографические данные пациента,7,Регион РФ,7,Ленинградская обл,DropdownList,
1,1,Социально-демографические данные пациента,7,Регион РФ,8,Краснодарский край,DropdownList,
1,1,Социально-демографические данные пациента,8,Город,0,Апрелевка,DropdownList,
1,1,Социально-демографические данные пациента,8,Город,1,Балашиха,DropdownList,
1,1,Социально-демографические данные пациента,8,Город,2,Бронницы,DropdownList,
1,1,Социально-демографические данные пациента,8,Город,3,Верея,DropdownList,
1,1,Социально-демографические данные пациента,8,Город,4,Видное,DropdownList,
1,1,Социально-демографические данные пациента,8,Город,5,Волоколамск,DropdownList,
1,1,Социально-демографические данные пациента,8,Город,6,Воскресенск,DropdownList,
1,1,Социально-демографические данные пациента,8,Город,7,Высоковск,DropdownList,
1,1,Социально-демографические данные пациента,8,Город,8,Голицыно,DropdownList,
1,1,Социально-демографические данные пациента,8,Город,9,Дедовск,DropdownList,
1,1,Социально-демографические данные пациента,8,Город,10,Дзержинский,DropdownList,
1,1,Социально-демографические данные пациента,8,Город,11,Дмитров,DropdownList,
1,1,Социально-демографические данные пациента,8,Город,12,Долгопрудный,DropdownList,
1,1,Социально-демографические данные пациента,8,Город,13,Домодедово,DropdownList,
1,1,Социально-демографические данные пациента,8,Город,14,Дрезна,DropdownList,
1,1,Социально-демографические данные пациента,8,Город,15,Дубна,DropdownList,
1,1,Социально-демографические данные пациента,8,Город,16,Егорьевск,DropdownList,
1,1,Социально-демографические данные пациента,8,Город,17,Жуковский,DropdownList,
1,1,Социально-демографические данные пациента,8,Город,18,Зарайск,DropdownList,
1,1,Социально-демографические данные пациента,8,Город,19,Звенигород,DropdownList,
1,1,Социально-демографические данные пациента,8,Город,20,Ивантеевка,DropdownList,
1,1,Социально-демографические данные пациента,8,Город,21,Истра,DropdownList,
1,1,Социально-демографические данные пациента,8,Город,22,Кашира,DropdownList,
1,1,Социально-демографические данные пациента,8,Город,23,Клин,DropdownList,
1,1,Социально-демографические данные пациента,8,Город,24,Коломна,DropdownList,
1,1,Социально-демографические данные пациента,8,Город,25,Королёв,DropdownList,
1,1,Социально-демографические данные пациента,8,Город,26,Котельники,DropdownList,
1,1,Социально-демографические данные пациента,8,Город,27,Красноармейск,DropdownList,
1,1,Социально-демографические данные пациента,8,Город,28,Красногорск,DropdownList,
1,1,Социально-демографические данные пациента,8,Город,29,Краснозаводск,DropdownList,
1,1,Социально-демографические данные пациента,8,Город,30,Краснознаменск,DropdownList,
1,1,Социально-демографические данные пациента,8,Город,31,Кубинка,DropdownList,
1,1,Социально-демографические данные пациента,8,Город,32,Куровское,DropdownList,
1,1,Социально-демографические данные пациента,8,Город,33,Ликино-Дулёво,DropdownList,
1,1,Социально-демографические данные пациента,8,Город,34,Лобня,DropdownList,
1,1,Социально-демографические данные пациента,8,Город,35,Лосино-Петровский,DropdownList,
1,1,Социально-демографические данные пациента,8,Город,36,Луховицы,DropdownList,
1,1,Социально-демографические данные пациента,8,Город,37,Лыткарино,DropdownList,
1,1,Социально-демографические данные пациента,8,Город,38,Люберцы,DropdownList,
1,1,Социально-демографические данные пациента,8,Город,39,Можайск,DropdownList,
1,1,Социально-демографические данные пациента,8,Город,40,Мытищи,DropdownList,
1,1,Социально-демографические данные пациента,8,Город,41,Наро-Фоминск,DropdownList,
1,1,Социально-демографические данные пациента,8,Город,42,Ногинск,DropdownList,
1,1,Социально-демографические данные пациента,8,Город,43,Одинцово,DropdownList,
1,1,Социально-демографические данные пациента,8,Город,44,Озёры,DropdownList,
1,1,Социально-демографические данные пациента,8,Город,45,Орехово-Зуево,DropdownList,
1,1,Социально-демографические данные пациента,8,Город,46,Павловский Посад,DropdownList,
1,1,Социально-демографические данные пациента,8,Город,47,Пересвет,DropdownList,
1,1,Социально-демографические данные пациента,8,Город,48,Подольск,DropdownList,
1,1,Социально-демографические данные пациента,8,Город,49,Протвино,DropdownList,
1,1,Социально-демографические данные пациента,8,Город,50,Пушкино,DropdownList,
1,1,Социально-демографические данные пациента,8,Город,51,Пущино,DropdownList,
1,1,Социально-демографические данные пациента,8,Город,52,Раменское,DropdownList,
1,1,Социально-демографические данные пациента,8,Город,53,Реутов,DropdownList,
1,1,Социально-демографические данные пациента,8,Город,54,Рошаль,DropdownList,
1,1,Социально-демографические данные пациента,8,Город,55,Руза,DropdownList,
1,1,Социально-демографические данные пациента,8,Город,56,Сергиев Посад,DropdownList,
1,1,Социально-демографические данные пациента,8,Город,57,Серпухов,DropdownList,
1,1,Социально-демографические данные пациента,8,Город,58,Солнечногорск,DropdownList,
1,1,Социально-демографические данные пациента,8,Город,59,Старая Купавна,DropdownList,
1,1,Социально-демографические данные пациента,8,Город,60,Ступино,DropdownList,
1,1,Социально-демографические данные пациента,8,Город,61,Талдом,DropdownList,
1,1,Социально-демографические данные пациента,8,Город,62,Фрязино,DropdownList,
1,1,Социально-демографические данные пациента,8,Город,63,Химки,DropdownList,
1,1,Социально-демографические данные пациента,8,Город,64,Хотьково,DropdownList,
1,1,Социально-демографические данные пациента,8,Город,65,Черноголовка,DropdownList,
1,1,Социально-демографические данные пациента,8,Город,66,Чехов,DropdownList,
1,1,Социально-демографические данные пациента,8,Город,67,Шатура,DropdownList,
1,1,Социально-демографические данные пациента,8,Город,68,Щёлково,DropdownList,
1,1,Социально-демографические данные пациента,8,Город,69,Электрогорск,DropdownList,
1,1,Социально-демографические данные пациента,8,Город,70,Электросталь,DropdownList,
1,1,Социально-демографические данные пациента,8,Город,71,Электроугли,DropdownList,
1,1,Социально-демографические данные пациента,8,Город,72,Яхрома,DropdownList,
1,1,Социально-демографические данные пациента,8,Город,73,Абинск,DropdownList,
1,1,Социально-демографические данные пациента,8,Город,74,Анапа,DropdownList,
1,1,Социально-демографические данные пациента,8,Город,75,Апшеронск,DropdownList,
1,1,Социально-демографические данные пациента,8,Город,76,Армавир,DropdownList,
1,1,Социально-демографические данные пациента,8,Город,77,Белореченск,DropdownList,
1,1,Социально-демографические данные пациента,8,Город,78,Геленджик,DropdownList,
1,1,Социально-демографические данные пациента,8,Город,79,Горячий Ключ,DropdownList,
1,1,Социально-демографические данные пациента,8,Город,80,Гулькевичи,DropdownList,
1,1,Социально-демографические данные пациента,8,Город,81,Ейск,DropdownList,
1,1,Социально-демографические данные пациента,8,Город,82,Кореновск,DropdownList,
1,1,Социально-демографические данные пациента,8,Город,83,Краснодар,DropdownList,
1,1,Социально-демографические данные пациента,8,Город,84,Кропоткин,DropdownList,
1,1,Социально-демографические данные пациента,8,Город,85,Крымск,DropdownList,
1,1,Социально-демографические данные пациента,8,Город,86,Курганинск,DropdownList,
1,1,Социально-демографические данные пациента,8,Город,87,Лабинск,DropdownList,
1,1,Социально-демографические данные пациента,8,Город,88,Новокубанск,DropdownList,
1,1,Социально-демографические данные пациента,8,Город,89,Новороссийск,DropdownList,
1,1,Социально-демографические данные пациента,8,Город,90,Приморско-Ахтарск,DropdownList,
1,1,Социально-демографические данные пациента,8,Город,91,Славянск-на-Кубани,DropdownList,
1,1,Социально-демографические данные пациента,8,Город,92,Сочи,DropdownList,
1,1,Социально-демографические данные пациента,8,Город,93,Темрюк,DropdownList,
1,1,Социально-демографические данные пациента,8,Город,94,Тимашёвск,DropdownList,
1,1,Социально-демографические данные пациента,8,Город,95,Тихорецк,DropdownList,
1,1,Социально-демографические данные пациента,8,Город,96,Туапсе,DropdownList,
1,1,Социально-демографические данные пациента,8,Город,97,Усть-Лабинск,DropdownList,
1,1,Социально-демографические данные пациента,8,Город,98,Хадыженск,DropdownList,
1,2,Социально-демографические данные пациента,0,Кодирование по МКБ‑10,0,K21.0 Гастроэзофагеальный рефлюкс с эзофагитом (рефлюкс-эзофагит),InputRadio,
1,2,Социально-демографические данные пациента,0,Кодирование по МКБ‑11,1,K22.1 Язва пищевода (Эрозия пищевода) ,InputRadio,
1,2,Социально-демографические данные пациента,0,Кодирование по МКБ‑12,2,K22.7 Пищевод Барретта,InputRadio,
1,2,Социально-демографические данные пациента,1,"Стаж заболевания (К21.0, К22.1, К22.7)",0,Менее 1 года,InputRadio,
1,2,Социально-демографические данные пациента,1,"Стаж заболевания (К21.0, К22.1, К22.7)",1,1-3 года,InputRadio,
1,2,Социально-демографические данные пациента,1,"Стаж заболевания (К21.0, К22.1, К22.7)",2,4-7 лет,InputRadio,
1,2,Социально-демографические данные пациента,1,"Стаж заболевания (К21.0, К22.1, К22.7)",3,8-10 лет,InputRadio,
1,2,Социально-демографические данные пациента,1,"Стаж заболевания (К21.0, К22.1, К22.7)",4,более 10 лет,InputRadio,
1,2,Социально-демографические данные пациента,2,Просим Вас отметить сохраняющиеся на данный момент клинические проявления эрозивной формой ГЭРБ,0,Изжога,InputCheckbox,
1,2,Социально-демографические данные пациента,2,Просим Вас отметить сохраняющиеся на данный момент клинические проявления эрозивной формой ГЭРБ,1,Регургитация,InputCheckbox,
1,2,Социально-демографические данные пациента,2,Просим Вас отметить сохраняющиеся на данный момент клинические проявления эрозивной формой ГЭРБ,2,Отрыжка,InputCheckbox,
1,2,Социально-демографические данные пациента,2,Просим Вас отметить сохраняющиеся на данный момент клинические проявления эрозивной формой ГЭРБ,3,Срыгивания,InputCheckbox,
1,2,Социально-демографические данные пациента,2,Просим Вас отметить сохраняющиеся на данный момент клинические проявления эрозивной формой ГЭРБ,4,Одинофагия,InputCheckbox,
1,2,Социально-демографические данные пациента,2,Просим Вас отметить сохраняющиеся на данный момент клинические проявления эрозивной формой ГЭРБ,5,Дисфагия,InputCheckbox,
1,2,Социально-демографические данные пациента,2,Просим Вас отметить сохраняющиеся на данный момент клинические проявления эрозивной формой ГЭРБ,6,Бронхиальная астма,InputCheckbox,
1,2,Социально-демографические данные пациента,2,Просим Вас отметить сохраняющиеся на данный момент клинические проявления эрозивной формой ГЭРБ,7,Хронический ларингит,InputCheckbox,
1,2,Социально-демографические данные пациента,2,Просим Вас отметить сохраняющиеся на данный момент клинические проявления эрозивной формой ГЭРБ,8,Осиплость голоса,InputCheckbox,
1,2,Социально-демографические данные пациента,2,Просим Вас отметить сохраняющиеся на данный момент клинические проявления эрозивной формой ГЭРБ,9,Хронический сухой кашель,InputCheckbox,
1,2,Социально-демографические данные пациента,2,Просим Вас отметить сохраняющиеся на данный момент клинические проявления эрозивной формой ГЭРБ,10,Эрозии зубной эмали,InputCheckbox,
1,2,Социально-демографические данные пациента,2,Просим Вас отметить сохраняющиеся на данный момент клинические проявления эрозивной формой ГЭРБ,11,Афтозный стоматит,InputCheckbox,
1,2,Социально-демографические данные пациента,2,Просим Вас отметить сохраняющиеся на данный момент клинические проявления эрозивной формой ГЭРБ,12,"Боли в груди по ходу пищевода, не связанные с физической нагрузкой",InputCheckbox,
1,2,Социально-демографические данные пациента,3,"Симптомы эрозивного эзофагита (например, изжога, отрыжка) чаще всего возникают:",0,Днем,InputRadio,
1,2,Социально-демографические данные пациента,3,"Симптомы эрозивного эзофагита (например, изжога, отрыжка) чаще всего возникают:",1,Ночью,InputRadio,
1,3,Социально-демографические данные пациента,0,Степень рефлюкс-эзофагита (согласно Лос-Анджелесской классификации),0,"степень А – поражение слизистой оболочки в пределах ее складок, при этом размер каждого участка поражения не превышает 5 мм",InputRadio,
1,3,Социально-демографические данные пациента,0,Степень рефлюкс-эзофагита (согласно Лос-Анджелесской классификации),1,"степень В – размер, по крайней мере, одного участка поражения превышает 5 мм; поражение в пределах одной складки, но не соединяет две складки",InputRadio,
1,3,Социально-демографические данные пациента,0,Степень рефлюкс-эзофагита (согласно Лос-Анджелесской классификации),2,"степень С – участки поражения соединены между вершинами двух или более складок, но в процесс вовлечено менее 75% окружности пищевода",InputRadio,
1,3,Социально-демографические данные пациента,0,Степень рефлюкс-эзофагита (согласно Лос-Анджелесской классификации),3,степень D – участки поражения охватывают не менее 75% окружности пищевода,InputRadio,
1,3,Социально-демографические данные пациента,1,Соответствие критериям включения,0,Да,InputRadio,
1,3,Социально-демографические данные пациента,1,Соответствие критериям включения,1,Нет,InputRadio,
1,3,Социально-демографические данные пациента,2,Наличие критериев не включения,0,Да,InputRadio,
1,3,Социально-демографические данные пациента,2,Наличие критериев не включения,1,Нет,InputRadio,
1,4,"Опросник GERDQ
Опросник для пациентов с симптомами со стороны желудочно-кишечного тракта. Подумайте о вашем самочувствии за последнюю НЕДЕЛЮ... 
Пожалуйста, ответьте на нижеперечисленные вопросы. Эти ответы помогут Вашему врачу выбрать оптимальный вариант лечения, который быстро и эффективно вернет Вас к здоровой жизни",0,Как часто Вы ощущали изжогу?,0,0 дней,InputRadio,
1,4,"Опросник GERDQ
Опросник для пациентов с симптомами со стороны желудочно-кишечного тракта. Подумайте о вашем самочувствии за последнюю НЕДЕЛЮ... 
Пожалуйста, ответьте на нижеперечисленные вопросы. Эти ответы помогут Вашему врачу выбрать оптимальный вариант лечения, который быстро и эффективно вернет Вас к здоровой жизни",0,Как часто Вы ощущали изжогу?,1,1 день,InputRadio,
1,4,"Опросник GERDQ
Опросник для пациентов с симптомами со стороны желудочно-кишечного тракта. Подумайте о вашем самочувствии за последнюю НЕДЕЛЮ... 
Пожалуйста, ответьте на нижеперечисленные вопросы. Эти ответы помогут Вашему врачу выбрать оптимальный вариант лечения, который быстро и эффективно вернет Вас к здоровой жизни",0,Как часто Вы ощущали изжогу?,2,2-3 дня,InputRadio,
1,4,"Опросник GERDQ
Опросник для пациентов с симптомами со стороны желудочно-кишечного тракта. Подумайте о вашем самочувствии за последнюю НЕДЕЛЮ... 
Пожалуйста, ответьте на нижеперечисленные вопросы. Эти ответы помогут Вашему врачу выбрать оптимальный вариант лечения, который быстро и эффективно вернет Вас к здоровой жизни",0,Как часто Вы ощущали изжогу?,3,4-7 дней,InputRadio,
1,4,"Опросник GERDQ
Опросник для пациентов с симптомами со стороны желудочно-кишечного тракта. Подумайте о вашем самочувствии за последнюю НЕДЕЛЮ... 
Пожалуйста, ответьте на нижеперечисленные вопросы. Эти ответы помогут Вашему врачу выбрать оптимальный вариант лечения, который быстро и эффективно вернет Вас к здоровой жизни",1,"Как часто Вы ощущали, что содержимое желудка (жидкость, либо пища), снова попадает в глотку или полость рта (отрыжка)?",0,0 дней,InputRadio,
1,4,"Опросник GERDQ
Опросник для пациентов с симптомами со стороны желудочно-кишечного тракта. Подумайте о вашем самочувствии за последнюю НЕДЕЛЮ... 
Пожалуйста, ответьте на нижеперечисленные вопросы. Эти ответы помогут Вашему врачу выбрать оптимальный вариант лечения, который быстро и эффективно вернет Вас к здоровой жизни",1,"Как часто Вы ощущали, что содержимое желудка (жидкость, либо пища), снова попадает в глотку или полость рта (отрыжка)?",1,1 день,InputRadio,
1,4,"Опросник GERDQ
Опросник для пациентов с симптомами со стороны желудочно-кишечного тракта. Подумайте о вашем самочувствии за последнюю НЕДЕЛЮ... 
Пожалуйста, ответьте на нижеперечисленные вопросы. Эти ответы помогут Вашему врачу выбрать оптимальный вариант лечения, который быстро и эффективно вернет Вас к здоровой жизни",1,"Как часто Вы ощущали, что содержимое желудка (жидкость, либо пища), снова попадает в глотку или полость рта (отрыжка)?",2,2-3 дня,InputRadio,
1,4,"Опросник GERDQ
Опросник для пациентов с симптомами со стороны желудочно-кишечного тракта. Подумайте о вашем самочувствии за последнюю НЕДЕЛЮ... 
Пожалуйста, ответьте на нижеперечисленные вопросы. Эти ответы помогут Вашему врачу выбрать оптимальный вариант лечения, который быстро и эффективно вернет Вас к здоровой жизни",1,"Как часто Вы ощущали, что содержимое желудка (жидкость, либо пища), снова попадает в глотку или полость рта (отрыжка)?",3,4-7 дней,InputRadio,
1,4,"Опросник GERDQ
Опросник для пациентов с симптомами со стороны желудочно-кишечного тракта. Подумайте о вашем самочувствии за последнюю НЕДЕЛЮ... 
Пожалуйста, ответьте на нижеперечисленные вопросы. Эти ответы помогут Вашему врачу выбрать оптимальный вариант лечения, который быстро и эффективно вернет Вас к здоровой жизни",2,Как часто Вы ощущали боль в центре верхней части живота?,0,0 дней,InputRadio,
1,4,"Опросник GERDQ
Опросник для пациентов с симптомами со стороны желудочно-кишечного тракта. Подумайте о вашем самочувствии за последнюю НЕДЕЛЮ... 
Пожалуйста, ответьте на нижеперечисленные вопросы. Эти ответы помогут Вашему врачу выбрать оптимальный вариант лечения, который быстро и эффективно вернет Вас к здоровой жизни",2,Как часто Вы ощущали боль в центре верхней части живота?,1,1 день,InputRadio,
1,4,"Опросник GERDQ
Опросник для пациентов с симптомами со стороны желудочно-кишечного тракта. Подумайте о вашем самочувствии за последнюю НЕДЕЛЮ... 
Пожалуйста, ответьте на нижеперечисленные вопросы. Эти ответы помогут Вашему врачу выбрать оптимальный вариант лечения, который быстро и эффективно вернет Вас к здоровой жизни",2,Как часто Вы ощущали боль в центре верхней части живота?,2,2-3 дня,InputRadio,
1,4,"Опросник GERDQ
Опросник для пациентов с симптомами со стороны желудочно-кишечного тракта. Подумайте о вашем самочувствии за последнюю НЕДЕЛЮ... 
Пожалуйста, ответьте на нижеперечисленные вопросы. Эти ответы помогут Вашему врачу выбрать оптимальный вариант лечения, который быстро и эффективно вернет Вас к здоровой жизни",2,Как часто Вы ощущали боль в центре верхней части живота?,3,4-7 дней,InputRadio,
1,4,"Опросник GERDQ
Опросник для пациентов с симптомами со стороны желудочно-кишечного тракта. Подумайте о вашем самочувствии за последнюю НЕДЕЛЮ... 
Пожалуйста, ответьте на нижеперечисленные вопросы. Эти ответы помогут Вашему врачу выбрать оптимальный вариант лечения, который быстро и эффективно вернет Вас к здоровой жизни",3,Как часто Вы ощущали тошноту?,0,0 дней,InputRadio,
1,4,"Опросник GERDQ
Опросник для пациентов с симптомами со стороны желудочно-кишечного тракта. Подумайте о вашем самочувствии за последнюю НЕДЕЛЮ... 
Пожалуйста, ответьте на нижеперечисленные вопросы. Эти ответы помогут Вашему врачу выбрать оптимальный вариант лечения, который быстро и эффективно вернет Вас к здоровой жизни",3,Как часто Вы ощущали тошноту?,1,1 день,InputRadio,
1,4,"Опросник GERDQ
Опросник для пациентов с симптомами со стороны желудочно-кишечного тракта. Подумайте о вашем самочувствии за последнюю НЕДЕЛЮ... 
Пожалуйста, ответьте на нижеперечисленные вопросы. Эти ответы помогут Вашему врачу выбрать оптимальный вариант лечения, который быстро и эффективно вернет Вас к здоровой жизни",3,Как часто Вы ощущали тошноту?,2,2-3 дня,InputRadio,
1,4,"Опросник GERDQ
Опросник для пациентов с симптомами со стороны желудочно-кишечного тракта. Подумайте о вашем самочувствии за последнюю НЕДЕЛЮ... 
Пожалуйста, ответьте на нижеперечисленные вопросы. Эти ответы помогут Вашему врачу выбрать оптимальный вариант лечения, который быстро и эффективно вернет Вас к здоровой жизни",3,Как часто Вы ощущали тошноту?,3,4-7 дней,InputRadio,
1,4,"Опросник GERDQ
Опросник для пациентов с симптомами со стороны желудочно-кишечного тракта. Подумайте о вашем самочувствии за последнюю НЕДЕЛЮ... 
Пожалуйста, ответьте на нижеперечисленные вопросы. Эти ответы помогут Вашему врачу выбрать оптимальный вариант лечения, который быстро и эффективно вернет Вас к здоровой жизни",4,Как часто изжога и/или отрыжка мешали Вам выспаться ночью?,0,0 дней,InputRadio,
1,4,"Опросник GERDQ
Опросник для пациентов с симптомами со стороны желудочно-кишечного тракта. Подумайте о вашем самочувствии за последнюю НЕДЕЛЮ... 
Пожалуйста, ответьте на нижеперечисленные вопросы. Эти ответы помогут Вашему врачу выбрать оптимальный вариант лечения, который быстро и эффективно вернет Вас к здоровой жизни",4,Как часто изжога и/или отрыжка мешали Вам выспаться ночью?,1,1 день,InputRadio,
1,4,"Опросник GERDQ
Опросник для пациентов с симптомами со стороны желудочно-кишечного тракта. Подумайте о вашем самочувствии за последнюю НЕДЕЛЮ... 
Пожалуйста, ответьте на нижеперечисленные вопросы. Эти ответы помогут Вашему врачу выбрать оптимальный вариант лечения, который быстро и эффективно вернет Вас к здоровой жизни",4,Как часто изжога и/или отрыжка мешали Вам выспаться ночью?,2,2-3 дня,InputRadio,
1,4,"Опросник GERDQ
Опросник для пациентов с симптомами со стороны желудочно-кишечного тракта. Подумайте о вашем самочувствии за последнюю НЕДЕЛЮ... 
Пожалуйста, ответьте на нижеперечисленные вопросы. Эти ответы помогут Вашему врачу выбрать оптимальный вариант лечения, который быстро и эффективно вернет Вас к здоровой жизни",4,Как часто изжога и/или отрыжка мешали Вам выспаться ночью?,3,4-7 дней,InputRadio,
1,5,"Опросник GERD-HRQL Вопросы по симптомам (кружком выбирается только один ответ: лучший показатель (здоровья) 0, а худший показатель (нездоровья) 5)",0,1. Как сильно выражена изжога?,0,0,InputRadio,
1,5,"Опросник GERD-HRQL Вопросы по симптомам (кружком выбирается только один ответ: лучший показатель (здоровья) 0, а худший показатель (нездоровья) 5)",0,1. Как сильно выражена изжога?,1,1,InputRadio,
1,5,"Опросник GERD-HRQL Вопросы по симптомам (кружком выбирается только один ответ: лучший показатель (здоровья) 0, а худший показатель (нездоровья) 5)",0,1. Как сильно выражена изжога?,2,2,InputRadio,
1,5,"Опросник GERD-HRQL Вопросы по симптомам (кружком выбирается только один ответ: лучший показатель (здоровья) 0, а худший показатель (нездоровья) 5)",0,1. Как сильно выражена изжога?,3,3,InputRadio,
1,5,"Опросник GERD-HRQL Вопросы по симптомам (кружком выбирается только один ответ: лучший показатель (здоровья) 0, а худший показатель (нездоровья) 5)",0,1. Как сильно выражена изжога?,4,4,InputRadio,
1,5,"Опросник GERD-HRQL Вопросы по симптомам (кружком выбирается только один ответ: лучший показатель (здоровья) 0, а худший показатель (нездоровья) 5)",0,1. Как сильно выражена изжога?,5,5,InputRadio,
1,5,"Опросник GERD-HRQL Вопросы по симптомам (кружком выбирается только один ответ: лучший показатель (здоровья) 0, а худший показатель (нездоровья) 5)",1,"2. Бывает ли изжога, когда ложитесь?",0,0,InputRadio,
1,5,"Опросник GERD-HRQL Вопросы по симптомам (кружком выбирается только один ответ: лучший показатель (здоровья) 0, а худший показатель (нездоровья) 5)",1,"2. Бывает ли изжога, когда ложитесь?",1,1,InputRadio,
1,5,"Опросник GERD-HRQL Вопросы по симптомам (кружком выбирается только один ответ: лучший показатель (здоровья) 0, а худший показатель (нездоровья) 5)",1,"2. Бывает ли изжога, когда ложитесь?",2,2,InputRadio,
1,5,"Опросник GERD-HRQL Вопросы по симптомам (кружком выбирается только один ответ: лучший показатель (здоровья) 0, а худший показатель (нездоровья) 5)",1,"2. Бывает ли изжога, когда ложитесь?",3,3,InputRadio,
1,5,"Опросник GERD-HRQL Вопросы по симптомам (кружком выбирается только один ответ: лучший показатель (здоровья) 0, а худший показатель (нездоровья) 5)",1,"2. Бывает ли изжога, когда ложитесь?",4,4,InputRadio,
1,5,"Опросник GERD-HRQL Вопросы по симптомам (кружком выбирается только один ответ: лучший показатель (здоровья) 0, а худший показатель (нездоровья) 5)",1,"2. Бывает ли изжога, когда ложитесь?",5,5,InputRadio,
1,5,"Опросник GERD-HRQL Вопросы по симптомам (кружком выбирается только один ответ: лучший показатель (здоровья) 0, а худший показатель (нездоровья) 5)",2,"3. Бывает ли изжога, когда встаете утром?",0,0,InputRadio,
1,5,"Опросник GERD-HRQL Вопросы по симптомам (кружком выбирается только один ответ: лучший показатель (здоровья) 0, а худший показатель (нездоровья) 5)",2,"3. Бывает ли изжога, когда встаете утром?",1,1,InputRadio,
1,5,"Опросник GERD-HRQL Вопросы по симптомам (кружком выбирается только один ответ: лучший показатель (здоровья) 0, а худший показатель (нездоровья) 5)",2,"3. Бывает ли изжога, когда встаете утром?",2,2,InputRadio,
1,5,"Опросник GERD-HRQL Вопросы по симптомам (кружком выбирается только один ответ: лучший показатель (здоровья) 0, а худший показатель (нездоровья) 5)",2,"3. Бывает ли изжога, когда встаете утром?",3,3,InputRadio,
1,5,"Опросник GERD-HRQL Вопросы по симптомам (кружком выбирается только один ответ: лучший показатель (здоровья) 0, а худший показатель (нездоровья) 5)",2,"3. Бывает ли изжога, когда встаете утром?",4,4,InputRadio,
1,5,"Опросник GERD-HRQL Вопросы по симптомам (кружком выбирается только один ответ: лучший показатель (здоровья) 0, а худший показатель (нездоровья) 5)",2,"3. Бывает ли изжога, когда встаете утром?",5,5,InputRadio,
1,5,"Опросник GERD-HRQL Вопросы по симптомам (кружком выбирается только один ответ: лучший показатель (здоровья) 0, а худший показатель (нездоровья) 5)",3,4. Есть ли изжога после еды?,0,0,InputRadio,
1,5,"Опросник GERD-HRQL Вопросы по симптомам (кружком выбирается только один ответ: лучший показатель (здоровья) 0, а худший показатель (нездоровья) 5)",3,4. Есть ли изжога после еды?,1,1,InputRadio,
1,5,"Опросник GERD-HRQL Вопросы по симптомам (кружком выбирается только один ответ: лучший показатель (здоровья) 0, а худший показатель (нездоровья) 5)",3,4. Есть ли изжога после еды?,2,2,InputRadio,
1,5,"Опросник GERD-HRQL Вопросы по симптомам (кружком выбирается только один ответ: лучший показатель (здоровья) 0, а худший показатель (нездоровья) 5)",3,4. Есть ли изжога после еды?,3,3,InputRadio,
1,5,"Опросник GERD-HRQL Вопросы по симптомам (кружком выбирается только один ответ: лучший показатель (здоровья) 0, а худший показатель (нездоровья) 5)",3,4. Есть ли изжога после еды?,4,4,InputRadio,
1,5,"Опросник GERD-HRQL Вопросы по симптомам (кружком выбирается только один ответ: лучший показатель (здоровья) 0, а худший показатель (нездоровья) 5)",3,4. Есть ли изжога после еды?,5,5,InputRadio,
1,5,"Опросник GERD-HRQL Вопросы по симптомам (кружком выбирается только один ответ: лучший показатель (здоровья) 0, а худший показатель (нездоровья) 5)",4,5. Влияет ли изжога на ваш выбор питания?,0,0,InputRadio,
1,5,"Опросник GERD-HRQL Вопросы по симптомам (кружком выбирается только один ответ: лучший показатель (здоровья) 0, а худший показатель (нездоровья) 5)",4,5. Влияет ли изжога на ваш выбор питания?,1,1,InputRadio,
1,5,"Опросник GERD-HRQL Вопросы по симптомам (кружком выбирается только один ответ: лучший показатель (здоровья) 0, а худший показатель (нездоровья) 5)",4,5. Влияет ли изжога на ваш выбор питания?,2,2,InputRadio,
1,5,"Опросник GERD-HRQL Вопросы по симптомам (кружком выбирается только один ответ: лучший показатель (здоровья) 0, а худший показатель (нездоровья) 5)",4,5. Влияет ли изжога на ваш выбор питания?,3,3,InputRadio,
1,5,"Опросник GERD-HRQL Вопросы по симптомам (кружком выбирается только один ответ: лучший показатель (здоровья) 0, а худший показатель (нездоровья) 5)",4,5. Влияет ли изжога на ваш выбор питания?,4,4,InputRadio,
1,5,"Опросник GERD-HRQL Вопросы по симптомам (кружком выбирается только один ответ: лучший показатель (здоровья) 0, а худший показатель (нездоровья) 5)",4,5. Влияет ли изжога на ваш выбор питания?,5,5,InputRadio,
1,5,"Опросник GERD-HRQL Вопросы по симптомам (кружком выбирается только один ответ: лучший показатель (здоровья) 0, а худший показатель (нездоровья) 5)",5,6. Вызывает ли изжога нарушение сна (просыпаетесь ли от изжоги)?,0,0,InputRadio,
1,5,"Опросник GERD-HRQL Вопросы по симптомам (кружком выбирается только один ответ: лучший показатель (здоровья) 0, а худший показатель (нездоровья) 5)",5,6. Вызывает ли изжога нарушение сна (просыпаетесь ли от изжоги)?,1,1,InputRadio,
1,5,"Опросник GERD-HRQL Вопросы по симптомам (кружком выбирается только один ответ: лучший показатель (здоровья) 0, а худший показатель (нездоровья) 5)",5,6. Вызывает ли изжога нарушение сна (просыпаетесь ли от изжоги)?,2,2,InputRadio,
1,5,"Опросник GERD-HRQL Вопросы по симптомам (кружком выбирается только один ответ: лучший показатель (здоровья) 0, а худший показатель (нездоровья) 5)",5,6. Вызывает ли изжога нарушение сна (просыпаетесь ли от изжоги)?,3,3,InputRadio,
1,5,"Опросник GERD-HRQL Вопросы по симптомам (кружком выбирается только один ответ: лучший показатель (здоровья) 0, а худший показатель (нездоровья) 5)",5,6. Вызывает ли изжога нарушение сна (просыпаетесь ли от изжоги)?,4,4,InputRadio,
1,5,"Опросник GERD-HRQL Вопросы по симптомам (кружком выбирается только один ответ: лучший показатель (здоровья) 0, а худший показатель (нездоровья) 5)",5,6. Вызывает ли изжога нарушение сна (просыпаетесь ли от изжоги)?,5,5,InputRadio,
1,5,"Опросник GERD-HRQL Вопросы по симптомам (кружком выбирается только один ответ: лучший показатель (здоровья) 0, а худший показатель (нездоровья) 5)",6,7. Бывает ли у вас трудное глотание (нарушение глотания)?,0,0,InputRadio,
1,5,"Опросник GERD-HRQL Вопросы по симптомам (кружком выбирается только один ответ: лучший показатель (здоровья) 0, а худший показатель (нездоровья) 5)",6,7. Бывает ли у вас трудное глотание (нарушение глотания)?,1,1,InputRadio,
1,5,"Опросник GERD-HRQL Вопросы по симптомам (кружком выбирается только один ответ: лучший показатель (здоровья) 0, а худший показатель (нездоровья) 5)",6,7. Бывает ли у вас трудное глотание (нарушение глотания)?,2,2,InputRadio,
1,5,"Опросник GERD-HRQL Вопросы по симптомам (кружком выбирается только один ответ: лучший показатель (здоровья) 0, а худший показатель (нездоровья) 5)",6,7. Бывает ли у вас трудное глотание (нарушение глотания)?,3,3,InputRadio,
1,5,"Опросник GERD-HRQL Вопросы по симптомам (кружком выбирается только один ответ: лучший показатель (здоровья) 0, а худший показатель (нездоровья) 5)",6,7. Бывает ли у вас трудное глотание (нарушение глотания)?,4,4,InputRadio,
1,5,"Опросник GERD-HRQL Вопросы по симптомам (кружком выбирается только один ответ: лучший показатель (здоровья) 0, а худший показатель (нездоровья) 5)",6,7. Бывает ли у вас трудное глотание (нарушение глотания)?,5,5,InputRadio,
1,5,"Опросник GERD-HRQL Вопросы по симптомам (кружком выбирается только один ответ: лучший показатель (здоровья) 0, а худший показатель (нездоровья) 5)",7,8. Бывает ли у вас боли при глотании?,0,0,InputRadio,
1,5,"Опросник GERD-HRQL Вопросы по симптомам (кружком выбирается только один ответ: лучший показатель (здоровья) 0, а худший показатель (нездоровья) 5)",7,8. Бывает ли у вас боли при глотании?,1,1,InputRadio,
1,5,"Опросник GERD-HRQL Вопросы по симптомам (кружком выбирается только один ответ: лучший показатель (здоровья) 0, а худший показатель (нездоровья) 5)",7,8. Бывает ли у вас боли при глотании?,2,2,InputRadio,
1,5,"Опросник GERD-HRQL Вопросы по симптомам (кружком выбирается только один ответ: лучший показатель (здоровья) 0, а худший показатель (нездоровья) 5)",7,8. Бывает ли у вас боли при глотании?,3,3,InputRadio,
1,5,"Опросник GERD-HRQL Вопросы по симптомам (кружком выбирается только один ответ: лучший показатель (здоровья) 0, а худший показатель (нездоровья) 5)",7,8. Бывает ли у вас боли при глотании?,4,4,InputRadio,
1,5,"Опросник GERD-HRQL Вопросы по симптомам (кружком выбирается только один ответ: лучший показатель (здоровья) 0, а худший показатель (нездоровья) 5)",7,8. Бывает ли у вас боли при глотании?,5,5,InputRadio,
1,5,"Опросник GERD-HRQL Вопросы по симптомам (кружком выбирается только один ответ: лучший показатель (здоровья) 0, а худший показатель (нездоровья) 5)",8,9. Чувствуете ли вы вздутие или распирание вверху живота?,0,0,InputRadio,
1,5,"Опросник GERD-HRQL Вопросы по симптомам (кружком выбирается только один ответ: лучший показатель (здоровья) 0, а худший показатель (нездоровья) 5)",8,9. Чувствуете ли вы вздутие или распирание вверху живота?,1,1,InputRadio,
1,5,"Опросник GERD-HRQL Вопросы по симптомам (кружком выбирается только один ответ: лучший показатель (здоровья) 0, а худший показатель (нездоровья) 5)",8,9. Чувствуете ли вы вздутие или распирание вверху живота?,2,2,InputRadio,
1,5,"Опросник GERD-HRQL Вопросы по симптомам (кружком выбирается только один ответ: лучший показатель (здоровья) 0, а худший показатель (нездоровья) 5)",8,9. Чувствуете ли вы вздутие или распирание вверху живота?,3,3,InputRadio,
1,5,"Опросник GERD-HRQL Вопросы по симптомам (кружком выбирается только один ответ: лучший показатель (здоровья) 0, а худший показатель (нездоровья) 5)",8,9. Чувствуете ли вы вздутие или распирание вверху живота?,4,4,InputRadio,
1,5,"Опросник GERD-HRQL Вопросы по симптомам (кружком выбирается только один ответ: лучший показатель (здоровья) 0, а худший показатель (нездоровья) 5)",8,9. Чувствуете ли вы вздутие или распирание вверху живота?,5,5,InputRadio,
1,5,"Опросник GERD-HRQL Вопросы по симптомам (кружком выбирается только один ответ: лучший показатель (здоровья) 0, а худший показатель (нездоровья) 5)",9,"10. Если вы принимаете лекарства, то эффективны ли они на весь день?",0,0,InputRadio,
1,5,"Опросник GERD-HRQL Вопросы по симптомам (кружком выбирается только один ответ: лучший показатель (здоровья) 0, а худший показатель (нездоровья) 5)",9,"10. Если вы принимаете лекарства, то эффективны ли они на весь день?",1,1,InputRadio,
1,5,"Опросник GERD-HRQL Вопросы по симптомам (кружком выбирается только один ответ: лучший показатель (здоровья) 0, а худший показатель (нездоровья) 5)",9,"10. Если вы принимаете лекарства, то эффективны ли они на весь день?",2,2,InputRadio,
1,5,"Опросник GERD-HRQL Вопросы по симптомам (кружком выбирается только один ответ: лучший показатель (здоровья) 0, а худший показатель (нездоровья) 5)",9,"10. Если вы принимаете лекарства, то эффективны ли они на весь день?",3,3,InputRadio,
1,5,"Опросник GERD-HRQL Вопросы по симптомам (кружком выбирается только один ответ: лучший показатель (здоровья) 0, а худший показатель (нездоровья) 5)",9,"10. Если вы принимаете лекарства, то эффективны ли они на весь день?",4,4,InputRadio,
1,5,"Опросник GERD-HRQL Вопросы по симптомам (кружком выбирается только один ответ: лучший показатель (здоровья) 0, а худший показатель (нездоровья) 5)",9,"10. Если вы принимаете лекарства, то эффективны ли они на весь день?",5,5,InputRadio,
1,5,"Опросник GERD-HRQL Вопросы по симптомам (кружком выбирается только один ответ: лучший показатель (здоровья) 0, а худший показатель (нездоровья) 5)",10,"11. Как вы оцениваете удовлетворенность вашим настоящим состоянием, самочувствием (поставить х или v)",0,удовлетворен,InputRadio,
1,5,"Опросник GERD-HRQL Вопросы по симптомам (кружком выбирается только один ответ: лучший показатель (здоровья) 0, а худший показатель (нездоровья) 5)",10,"11. Как вы оцениваете удовлетворенность вашим настоящим состоянием, самочувствием (поставить х или v)",1,нейтрально,InputRadio,
1,5,"Опросник GERD-HRQL Вопросы по симптомам (кружком выбирается только один ответ: лучший показатель (здоровья) 0, а худший показатель (нездоровья) 5)",10,"11. Как вы оцениваете удовлетворенность вашим настоящим состоянием, самочувствием (поставить х или v)",2,Не удовлетворен,InputRadio,
1,5,"Опросник GERD-HRQL Вопросы по симптомам (кружком выбирается только один ответ: лучший показатель (здоровья) 0, а худший показатель (нездоровья) 5)",11,Индекс GERD-HRQL,0,,OutputValue,
2,1,Шкала комплаентности Мориски-Грина (MMAS-8),0,Вы когда-нибудь забывали принять препараты?,0,Да,InputRadio,
2,1,Шкала комплаентности Мориски-Грина (MMAS-8),0,Вы когда-нибудь забывали принять препараты?,1,Нет,InputRadio,
2,1,Шкала комплаентности Мориски-Грина (MMAS-8),1,"Люди иногда забывают принимать свои лекарства не только по причине забывчивости. Если вспомнить прошедшие 2 недели, были ли какие-нибудь дни, когда Вы не принимали назначенные Вам препараты?",0,Да,InputRadio,
2,1,Шкала комплаентности Мориски-Грина (MMAS-8),1,"Люди иногда забывают принимать свои лекарства не только по причине забывчивости. Если вспомнить прошедшие 2 недели, были ли какие-нибудь дни, когда Вы не принимали назначенные Вам препараты?",1,Нет,InputRadio,
2,1,Шкала комплаентности Мориски-Грина (MMAS-8),2,"Вы когда-нибудь сокращали или прекращали принимать лекарства, не сообщив своему врачу, потому что Вам стало хуже после приема препарата?",0,Да,InputRadio,
2,1,Шкала комплаентности Мориски-Грина (MMAS-8),2,"Вы когда-нибудь сокращали или прекращали принимать лекарства, не сообщив своему врачу, потому что Вам стало хуже после приема препарата?",1,Нет,InputRadio,
2,1,Шкала комплаентности Мориски-Грина (MMAS-8),3,Забываете ли Вы брать с собой лекарства и принимать их в случае каких-то поездок?,0,Да,InputRadio,
2,1,Шкала комплаентности Мориски-Грина (MMAS-8),3,Забываете ли Вы брать с собой лекарства и принимать их в случае каких-то поездок?,1,Нет,InputRadio,
2,1,Шкала комплаентности Мориски-Грина (MMAS-8),4,Вы вчера принимали Ваши лекарства?,0,Да,InputRadio,
2,1,Шкала комплаентности Мориски-Грина (MMAS-8),4,Вы вчера принимали Ваши лекарства?,1,Нет,InputRadio,
2,1,Шкала комплаентности Мориски-Грина (MMAS-8),5,"Перестаете ли Вы принимать лекарство, когда чувствуете себя хорошо?",0,Да,InputRadio,
2,1,Шкала комплаентности Мориски-Грина (MMAS-8),5,"Перестаете ли Вы принимать лекарство, когда чувствуете себя хорошо?",1,Нет,InputRadio,
2,1,Шкала комплаентности Мориски-Грина (MMAS-8),6,"Принимать лекарства каждый день – это очень неудобно для некоторых людей. Вы когда-нибудь испытывали затруднения с тем, чтобы придерживаться вашего плана лечения?",0,Да,InputRadio,
2,1,Шкала комплаентности Мориски-Грина (MMAS-8),6,"Принимать лекарства каждый день – это очень неудобно для некоторых людей. Вы когда-нибудь испытывали затруднения с тем, чтобы придерживаться вашего плана лечения?",1,Нет,InputRadio,
2,1,Шкала комплаентности Мориски-Грина (MMAS-8),7,Как часто Вы забывает принимать все назначенные препараты?,0,Никогда / Редко,InputRadio,
2,1,Шкала комплаентности Мориски-Грина (MMAS-8),7,Как часто Вы забывает принимать все назначенные препараты?,1,Иногда,InputRadio,
2,1,Шкала комплаентности Мориски-Грина (MMAS-8),7,Как часто Вы забывает принимать все назначенные препараты?,2,Как правило,InputRadio,
2,1,Шкала комплаентности Мориски-Грина (MMAS-8),7,Как часто Вы забывает принимать все назначенные препараты?,3,Все время,InputRadio,
2,2,"Опросник GERD-HRQL Вопросы по симптомам (кружком выбирается только один ответ: лучший показатель (здоровья) 0, а худший показатель (нездоровья) 5)",0,1. Как сильно выражена изжога?,0,0,InputRadio,
2,2,"Опросник GERD-HRQL Вопросы по симптомам (кружком выбирается только один ответ: лучший показатель (здоровья) 0, а худший показатель (нездоровья) 5)",0,1. Как сильно выражена изжога?,1,1,InputRadio,
2,2,"Опросник GERD-HRQL Вопросы по симптомам (кружком выбирается только один ответ: лучший показатель (здоровья) 0, а худший показатель (нездоровья) 5)",0,1. Как сильно выражена изжога?,2,2,InputRadio,
2,2,"Опросник GERD-HRQL Вопросы по симптомам (кружком выбирается только один ответ: лучший показатель (здоровья) 0, а худший показатель (нездоровья) 5)",0,1. Как сильно выражена изжога?,3,3,InputRadio,
2,2,"Опросник GERD-HRQL Вопросы по симптомам (кружком выбирается только один ответ: лучший показатель (здоровья) 0, а худший показатель (нездоровья) 5)",0,1. Как сильно выражена изжога?,4,4,InputRadio,
2,2,"Опросник GERD-HRQL Вопросы по симптомам (кружком выбирается только один ответ: лучший показатель (здоровья) 0, а худший показатель (нездоровья) 5)",0,1. Как сильно выражена изжога?,5,5,InputRadio,
2,2,"Опросник GERD-HRQL Вопросы по симптомам (кружком выбирается только один ответ: лучший показатель (здоровья) 0, а худший показатель (нездоровья) 5)",1,"2. Бывает ли изжога, когда ложитесь?",0,0,InputRadio,
2,2,"Опросник GERD-HRQL Вопросы по симптомам (кружком выбирается только один ответ: лучший показатель (здоровья) 0, а худший показатель (нездоровья) 5)",1,"2. Бывает ли изжога, когда ложитесь?",1,1,InputRadio,
2,2,"Опросник GERD-HRQL Вопросы по симптомам (кружком выбирается только один ответ: лучший показатель (здоровья) 0, а худший показатель (нездоровья) 5)",1,"2. Бывает ли изжога, когда ложитесь?",2,2,InputRadio,
2,2,"Опросник GERD-HRQL Вопросы по симптомам (кружком выбирается только один ответ: лучший показатель (здоровья) 0, а худший показатель (нездоровья) 5)",1,"2. Бывает ли изжога, когда ложитесь?",3,3,InputRadio,
2,2,"Опросник GERD-HRQL Вопросы по симптомам (кружком выбирается только один ответ: лучший показатель (здоровья) 0, а худший показатель (нездоровья) 5)",1,"2. Бывает ли изжога, когда ложитесь?",4,4,InputRadio,
2,2,"Опросник GERD-HRQL Вопросы по симптомам (кружком выбирается только один ответ: лучший показатель (здоровья) 0, а худший показатель (нездоровья) 5)",1,"2. Бывает ли изжога, когда ложитесь?",5,5,InputRadio,
2,2,"Опросник GERD-HRQL Вопросы по симптомам (кружком выбирается только один ответ: лучший показатель (здоровья) 0, а худший показатель (нездоровья) 5)",2,"3. Бывает ли изжога, когда встаете утром?",0,0,InputRadio,
2,2,"Опросник GERD-HRQL Вопросы по симптомам (кружком выбирается только один ответ: лучший показатель (здоровья) 0, а худший показатель (нездоровья) 5)",2,"3. Бывает ли изжога, когда встаете утром?",1,1,InputRadio,
2,2,"Опросник GERD-HRQL Вопросы по симптомам (кружком выбирается только один ответ: лучший показатель (здоровья) 0, а худший показатель (нездоровья) 5)",2,"3. Бывает ли изжога, когда встаете утром?",2,2,InputRadio,
2,2,"Опросник GERD-HRQL Вопросы по симптомам (кружком выбирается только один ответ: лучший показатель (здоровья) 0, а худший показатель (нездоровья) 5)",2,"3. Бывает ли изжога, когда встаете утром?",3,3,InputRadio,
2,2,"Опросник GERD-HRQL Вопросы по симптомам (кружком выбирается только один ответ: лучший показатель (здоровья) 0, а худший показатель (нездоровья) 5)",2,"3. Бывает ли изжога, когда встаете утром?",4,4,InputRadio,
2,2,"Опросник GERD-HRQL Вопросы по симптомам (кружком выбирается только один ответ: лучший показатель (здоровья) 0, а худший показатель (нездоровья) 5)",2,"3. Бывает ли изжога, когда встаете утром?",5,5,InputRadio,
2,2,"Опросник GERD-HRQL Вопросы по симптомам (кружком выбирается только один ответ: лучший показатель (здоровья) 0, а худший показатель (нездоровья) 5)",3,4. Есть ли изжога после еды?,0,0,InputRadio,
2,2,"Опросник GERD-HRQL Вопросы по симптомам (кружком выбирается только один ответ: лучший показатель (здоровья) 0, а худший показатель (нездоровья) 5)",3,4. Есть ли изжога после еды?,1,1,InputRadio,
2,2,"Опросник GERD-HRQL Вопросы по симптомам (кружком выбирается только один ответ: лучший показатель (здоровья) 0, а худший показатель (нездоровья) 5)",3,4. Есть ли изжога после еды?,2,2,InputRadio,
2,2,"Опросник GERD-HRQL Вопросы по симптомам (кружком выбирается только один ответ: лучший показатель (здоровья) 0, а худший показатель (нездоровья) 5)",3,4. Есть ли изжога после еды?,3,3,InputRadio,
2,2,"Опросник GERD-HRQL Вопросы по симптомам (кружком выбирается только один ответ: лучший показатель (здоровья) 0, а худший показатель (нездоровья) 5)",3,4. Есть ли изжога после еды?,4,4,InputRadio,
2,2,"Опросник GERD-HRQL Вопросы по симптомам (кружком выбирается только один ответ: лучший показатель (здоровья) 0, а худший показатель (нездоровья) 5)",3,4. Есть ли изжога после еды?,5,5,InputRadio,
2,2,"Опросник GERD-HRQL Вопросы по симптомам (кружком выбирается только один ответ: лучший показатель (здоровья) 0, а худший показатель (нездоровья) 5)",4,5. Влияет ли изжога на ваш выбор питания?,0,0,InputRadio,
2,2,"Опросник GERD-HRQL Вопросы по симптомам (кружком выбирается только один ответ: лучший показатель (здоровья) 0, а худший показатель (нездоровья) 5)",4,5. Влияет ли изжога на ваш выбор питания?,1,1,InputRadio,
2,2,"Опросник GERD-HRQL Вопросы по симптомам (кружком выбирается только один ответ: лучший показатель (здоровья) 0, а худший показатель (нездоровья) 5)",4,5. Влияет ли изжога на ваш выбор питания?,2,2,InputRadio,
2,2,"Опросник GERD-HRQL Вопросы по симптомам (кружком выбирается только один ответ: лучший показатель (здоровья) 0, а худший показатель (нездоровья) 5)",4,5. Влияет ли изжога на ваш выбор питания?,3,3,InputRadio,
2,2,"Опросник GERD-HRQL Вопросы по симптомам (кружком выбирается только один ответ: лучший показатель (здоровья) 0, а худший показатель (нездоровья) 5)",4,5. Влияет ли изжога на ваш выбор питания?,4,4,InputRadio,
2,2,"Опросник GERD-HRQL Вопросы по симптомам (кружком выбирается только один ответ: лучший показатель (здоровья) 0, а худший показатель (нездоровья) 5)",4,5. Влияет ли изжога на ваш выбор питания?,5,5,InputRadio,
2,2,"Опросник GERD-HRQL Вопросы по симптомам (кружком выбирается только один ответ: лучший показатель (здоровья) 0, а худший показатель (нездоровья) 5)",5,6. Вызывает ли изжога нарушение сна (просыпаетесь ли от изжоги)?,0,0,InputRadio,
2,2,"Опросник GERD-HRQL Вопросы по симптомам (кружком выбирается только один ответ: лучший показатель (здоровья) 0, а худший показатель (нездоровья) 5)",5,6. Вызывает ли изжога нарушение сна (просыпаетесь ли от изжоги)?,1,1,InputRadio,
2,2,"Опросник GERD-HRQL Вопросы по симптомам (кружком выбирается только один ответ: лучший показатель (здоровья) 0, а худший показатель (нездоровья) 5)",5,6. Вызывает ли изжога нарушение сна (просыпаетесь ли от изжоги)?,2,2,InputRadio,
2,2,"Опросник GERD-HRQL Вопросы по симптомам (кружком выбирается только один ответ: лучший показатель (здоровья) 0, а худший показатель (нездоровья) 5)",5,6. Вызывает ли изжога нарушение сна (просыпаетесь ли от изжоги)?,3,3,InputRadio,
2,2,"Опросник GERD-HRQL Вопросы по симптомам (кружком выбирается только один ответ: лучший показатель (здоровья) 0, а худший показатель (нездоровья) 5)",5,6. Вызывает ли изжога нарушение сна (просыпаетесь ли от изжоги)?,4,4,InputRadio,
2,2,"Опросник GERD-HRQL Вопросы по симптомам (кружком выбирается только один ответ: лучший показатель (здоровья) 0, а худший показатель (нездоровья) 5)",5,6. Вызывает ли изжога нарушение сна (просыпаетесь ли от изжоги)?,5,5,InputRadio,
2,2,"Опросник GERD-HRQL Вопросы по симптомам (кружком выбирается только один ответ: лучший показатель (здоровья) 0, а худший показатель (нездоровья) 5)",6,7. Бывает ли у вас трудное глотание (нарушение глотания)?,0,0,InputRadio,
2,2,"Опросник GERD-HRQL Вопросы по симптомам (кружком выбирается только один ответ: лучший показатель (здоровья) 0, а худший показатель (нездоровья) 5)",6,7. Бывает ли у вас трудное глотание (нарушение глотания)?,1,1,InputRadio,
2,2,"Опросник GERD-HRQL Вопросы по симптомам (кружком выбирается только один ответ: лучший показатель (здоровья) 0, а худший показатель (нездоровья) 5)",6,7. Бывает ли у вас трудное глотание (нарушение глотания)?,2,2,InputRadio,
2,2,"Опросник GERD-HRQL Вопросы по симптомам (кружком выбирается только один ответ: лучший показатель (здоровья) 0, а худший показатель (нездоровья) 5)",6,7. Бывает ли у вас трудное глотание (нарушение глотания)?,3,3,InputRadio,
2,2,"Опросник GERD-HRQL Вопросы по симптомам (кружком выбирается только один ответ: лучший показатель (здоровья) 0, а худший показатель (нездоровья) 5)",6,7. Бывает ли у вас трудное глотание (нарушение глотания)?,4,4,InputRadio,
2,2,"Опросник GERD-HRQL Вопросы по симптомам (кружком выбирается только один ответ: лучший показатель (здоровья) 0, а худший показатель (нездоровья) 5)",6,7. Бывает ли у вас трудное глотание (нарушение глотания)?,5,5,InputRadio,
2,2,"Опросник GERD-HRQL Вопросы по симптомам (кружком выбирается только один ответ: лучший показатель (здоровья) 0, а худший показатель (нездоровья) 5)",7,8. Бывает ли у вас боли при глотании?,0,0,InputRadio,
2,2,"Опросник GERD-HRQL Вопросы по симптомам (кружком выбирается только один ответ: лучший показатель (здоровья) 0, а худший показатель (нездоровья) 5)",7,8. Бывает ли у вас боли при глотании?,1,1,InputRadio,
2,2,"Опросник GERD-HRQL Вопросы по симптомам (кружком выбирается только один ответ: лучший показатель (здоровья) 0, а худший показатель (нездоровья) 5)",7,8. Бывает ли у вас боли при глотании?,2,2,InputRadio,
2,2,"Опросник GERD-HRQL Вопросы по симптомам (кружком выбирается только один ответ: лучший показатель (здоровья) 0, а худший показатель (нездоровья) 5)",7,8. Бывает ли у вас боли при глотании?,3,3,InputRadio,
2,2,"Опросник GERD-HRQL Вопросы по симптомам (кружком выбирается только один ответ: лучший показатель (здоровья) 0, а худший показатель (нездоровья) 5)",7,8. Бывает ли у вас боли при глотании?,4,4,InputRadio,
2,2,"Опросник GERD-HRQL Вопросы по симптомам (кружком выбирается только один ответ: лучший показатель (здоровья) 0, а худший показатель (нездоровья) 5)",7,8. Бывает ли у вас боли при глотании?,5,5,InputRadio,
2,2,"Опросник GERD-HRQL Вопросы по симптомам (кружком выбирается только один ответ: лучший показатель (здоровья) 0, а худший показатель (нездоровья) 5)",8,9. Чувствуете ли вы вздутие или распирание вверху живота?,0,0,InputRadio,
2,2,"Опросник GERD-HRQL Вопросы по симптомам (кружком выбирается только один ответ: лучший показатель (здоровья) 0, а худший показатель (нездоровья) 5)",8,9. Чувствуете ли вы вздутие или распирание вверху живота?,1,1,InputRadio,
2,2,"Опросник GERD-HRQL Вопросы по симптомам (кружком выбирается только один ответ: лучший показатель (здоровья) 0, а худший показатель (нездоровья) 5)",8,9. Чувствуете ли вы вздутие или распирание вверху живота?,2,2,InputRadio,
2,2,"Опросник GERD-HRQL Вопросы по симптомам (кружком выбирается только один ответ: лучший показатель (здоровья) 0, а худший показатель (нездоровья) 5)",8,9. Чувствуете ли вы вздутие или распирание вверху живота?,3,3,InputRadio,
2,2,"Опросник GERD-HRQL Вопросы по симптомам (кружком выбирается только один ответ: лучший показатель (здоровья) 0, а худший показатель (нездоровья) 5)",8,9. Чувствуете ли вы вздутие или распирание вверху живота?,4,4,InputRadio,
2,2,"Опросник GERD-HRQL Вопросы по симптомам (кружком выбирается только один ответ: лучший показатель (здоровья) 0, а худший показатель (нездоровья) 5)",8,9. Чувствуете ли вы вздутие или распирание вверху живота?,5,5,InputRadio,
2,2,"Опросник GERD-HRQL Вопросы по симптомам (кружком выбирается только один ответ: лучший показатель (здоровья) 0, а худший показатель (нездоровья) 5)",9,"10. Если вы принимаете лекарства, то эффективны ли они на весь день?",0,0,InputRadio,
2,2,"Опросник GERD-HRQL Вопросы по симптомам (кружком выбирается только один ответ: лучший показатель (здоровья) 0, а худший показатель (нездоровья) 5)",9,"10. Если вы принимаете лекарства, то эффективны ли они на весь день?",1,1,InputRadio,
2,2,"Опросник GERD-HRQL Вопросы по симптомам (кружком выбирается только один ответ: лучший показатель (здоровья) 0, а худший показатель (нездоровья) 5)",9,"10. Если вы принимаете лекарства, то эффективны ли они на весь день?",2,2,InputRadio,
2,2,"Опросник GERD-HRQL Вопросы по симптомам (кружком выбирается только один ответ: лучший показатель (здоровья) 0, а худший показатель (нездоровья) 5)",9,"10. Если вы принимаете лекарства, то эффективны ли они на весь день?",3,3,InputRadio,
2,2,"Опросник GERD-HRQL Вопросы по симптомам (кружком выбирается только один ответ: лучший показатель (здоровья) 0, а худший показатель (нездоровья) 5)",9,"10. Если вы принимаете лекарства, то эффективны ли они на весь день?",4,4,InputRadio,
2,2,"Опросник GERD-HRQL Вопросы по симптомам (кружком выбирается только один ответ: лучший показатель (здоровья) 0, а худший показатель (нездоровья) 5)",9,"10. Если вы принимаете лекарства, то эффективны ли они на весь день?",5,5,InputRadio,
2,2,"Опросник GERD-HRQL Вопросы по симптомам (кружком выбирается только один ответ: лучший показатель (здоровья) 0, а худший показатель (нездоровья) 5)",10,"11. Как вы оцениваете удовлетворенность вашим настоящим состоянием, самочувствием (поставить х или v)",0,удовлетворен,InputRadio,
2,2,"Опросник GERD-HRQL Вопросы по симптомам (кружком выбирается только один ответ: лучший показатель (здоровья) 0, а худший показатель (нездоровья) 5)",10,"11. Как вы оцениваете удовлетворенность вашим настоящим состоянием, самочувствием (поставить х или v)",1,нейтрально,InputRadio,
2,2,"Опросник GERD-HRQL Вопросы по симптомам (кружком выбирается только один ответ: лучший показатель (здоровья) 0, а худший показатель (нездоровья) 5)",10,"11. Как вы оцениваете удовлетворенность вашим настоящим состоянием, самочувствием (поставить х или v)",2,Не удовлетворен,InputRadio,
2,2,"Опросник GERD-HRQL Вопросы по симптомам (кружком выбирается только один ответ: лучший показатель (здоровья) 0, а худший показатель (нездоровья) 5)",11,Индекс GERD-HRQL,0,,OutputValue,
2,3,,0,Просим Вас отметить сохраняющиеся на данный момент клинические проявления эрозивной формой ГЭРБ (отметить все подходящие),0,Изжога,InputCheckbox,
2,3,,0,Просим Вас отметить сохраняющиеся на данный момент клинические проявления эрозивной формой ГЭРБ (отметить все подходящие),1,Регургитация,InputCheckbox,
2,3,,0,Просим Вас отметить сохраняющиеся на данный момент клинические проявления эрозивной формой ГЭРБ (отметить все подходящие),2,Отрыжка,InputCheckbox,
2,3,,0,Просим Вас отметить сохраняющиеся на данный момент клинические проявления эрозивной формой ГЭРБ (отметить все подходящие),3,Срыгивания,InputCheckbox,
2,3,,0,Просим Вас отметить сохраняющиеся на данный момент клинические проявления эрозивной формой ГЭРБ (отметить все подходящие),4,Одинофагия,InputCheckbox,
2,3,,0,Просим Вас отметить сохраняющиеся на данный момент клинические проявления эрозивной формой ГЭРБ (отметить все подходящие),5,Дисфагия,InputCheckbox,
2,3,,0,Просим Вас отметить сохраняющиеся на данный момент клинические проявления эрозивной формой ГЭРБ (отметить все подходящие),6,Бронхиальная астма,InputCheckbox,
2,3,,0,Просим Вас отметить сохраняющиеся на данный момент клинические проявления эрозивной формой ГЭРБ (отметить все подходящие),7,Хронический ларингит,InputCheckbox,
2,3,,0,Просим Вас отметить сохраняющиеся на данный момент клинические проявления эрозивной формой ГЭРБ (отметить все подходящие),8,Осиплость голоса,InputCheckbox,
2,3,,0,Просим Вас отметить сохраняющиеся на данный момент клинические проявления эрозивной формой ГЭРБ (отметить все подходящие),9,Хронический сухой кашель,InputCheckbox,
2,3,,0,Просим Вас отметить сохраняющиеся на данный момент клинические проявления эрозивной формой ГЭРБ (отметить все подходящие),10,Эрозии зубной эмали,InputCheckbox,
2,3,,0,Просим Вас отметить сохраняющиеся на данный момент клинические проявления эрозивной формой ГЭРБ (отметить все подходящие),11,Афтозный стоматит,InputCheckbox,
2,3,,0,Просим Вас отметить сохраняющиеся на данный момент клинические проявления эрозивной формой ГЭРБ (отметить все подходящие),12,"Боли в груди по ходу пищевода, не связанные с физической нагрузкой",InputCheckbox,
2,3,,1,"Симптомы эрозивного эзофагита (например, изжога, отрыжка) чаще всего возникают:",0,Днем,InputRadio,
2,3,,1,"Симптомы эрозивного эзофагита (например, изжога, отрыжка) чаще всего возникают:",1,Ночью,InputRadio,
2,4,,0,Степень рефлюкс-эзофагита (согласно Лос-Анджелесской классификации),0,"степень А – поражение слизистой оболочки в пределах ее складок, при этом размер каждого участка поражения не превышает 5 мм;",InputRadio,
2,4,,0,Степень рефлюкс-эзофагита (согласно Лос-Анджелесской классификации),1,"степень В – размер, по крайней мере, одного участка поражения превышает 5 мм; поражение в пределах одной складки, но не соединяет две складки;",InputRadio,
2,4,,0,Степень рефлюкс-эзофагита (согласно Лос-Анджелесской классификации),2,"степень С – участки поражения соединены между вершинами двух или более складок, но в процесс вовлечено менее 75% окружности пищевода;",InputRadio,
2,4,,0,Степень рефлюкс-эзофагита (согласно Лос-Анджелесской классификации),3,степень D – участки поражения охватывают не менее 75% окружности пищевода.,InputRadio,
2,5,,0,Длительность приема пациентом препарата Париет,0,менее 14 дней,InputRadio,
2,5,,0,Длительность приема пациентом препарата Париет,1,14-28 дней,InputRadio,
2,5,,0,Длительность приема пациентом препарата Париет,2,29-56 дней,InputRadio,
2,5,,0,Длительность приема пациентом препарата Париет,3,57-112 дней,InputRadio,
2,5,,0,Длительность приема пациентом препарата Париет,4,Более 112 дней,InputRadio,
2,5,,1,Регулярность приема пациентом препарата Париет,0,Да,InputRadio,
2,5,,1,Регулярность приема пациентом препарата Париет,1,Нет,InputRadio,
2,5,,2,Отмечалась ли у пациента(ки) какая-либо нежелательная реакция?,0,Да,InputRadio,
2,5,,2,Отмечалась ли у пациента(ки) какая-либо нежелательная реакция?,1,Нет,InputRadio,
3,1,Шкала комплаентности Мориски-Грина (MMAS-8),0,Вы когда-нибудь забывали принять препараты?,0,Да,InputRadio,
3,1,Шкала комплаентности Мориски-Грина (MMAS-8),0,Вы когда-нибудь забывали принять препараты?,1,Нет,InputRadio,
3,1,Шкала комплаентности Мориски-Грина (MMAS-8),1,"Люди иногда забывают принимать свои лекарства не только по причине забывчивости. Если вспомнить прошедшие 2 недели, были ли какие-нибудь дни, когда Вы не принимали назначенные Вам препараты?",0,Да,InputRadio,
3,1,Шкала комплаентности Мориски-Грина (MMAS-8),1,"Люди иногда забывают принимать свои лекарства не только по причине забывчивости. Если вспомнить прошедшие 2 недели, были ли какие-нибудь дни, когда Вы не принимали назначенные Вам препараты?",1,Нет,InputRadio,
3,1,Шкала комплаентности Мориски-Грина (MMAS-8),2,"Вы когда-нибудь сокращали или прекращали принимать лекарства, не сообщив своему врачу, потому что Вам стало хуже после приема препарата?",0,Да,InputRadio,
3,1,Шкала комплаентности Мориски-Грина (MMAS-8),2,"Вы когда-нибудь сокращали или прекращали принимать лекарства, не сообщив своему врачу, потому что Вам стало хуже после приема препарата?",1,Нет,InputRadio,
3,1,Шкала комплаентности Мориски-Грина (MMAS-8),3,Забываете ли Вы брать с собой лекарства и принимать их в случае каких-то поездок?,0,Да,InputRadio,
3,1,Шкала комплаентности Мориски-Грина (MMAS-8),3,Забываете ли Вы брать с собой лекарства и принимать их в случае каких-то поездок?,1,Нет,InputRadio,
3,1,Шкала комплаентности Мориски-Грина (MMAS-8),4,Вы вчера принимали Ваши лекарства?,0,Да,InputRadio,
3,1,Шкала комплаентности Мориски-Грина (MMAS-8),4,Вы вчера принимали Ваши лекарства?,1,Нет,InputRadio,
3,1,Шкала комплаентности Мориски-Грина (MMAS-8),5,"Перестаете ли Вы принимать лекарство, когда чувствуете себя хорошо?",0,Да,InputRadio,
3,1,Шкала комплаентности Мориски-Грина (MMAS-8),5,"Перестаете ли Вы принимать лекарство, когда чувствуете себя хорошо?",1,Нет,InputRadio,
3,1,Шкала комплаентности Мориски-Грина (MMAS-8),6,"Принимать лекарства каждый день – это очень неудобно для некоторых людей. Вы когда-нибудь испытывали затруднения с тем, чтобы придерживаться вашего плана лечения?",0,Да,InputRadio,
3,1,Шкала комплаентности Мориски-Грина (MMAS-8),6,"Принимать лекарства каждый день – это очень неудобно для некоторых людей. Вы когда-нибудь испытывали затруднения с тем, чтобы придерживаться вашего плана лечения?",1,Нет,InputRadio,
3,1,Шкала комплаентности Мориски-Грина (MMAS-8),7,Как часто Вы забывает принимать все назначенные препараты?,0,Никогда / Редко,InputRadio,
3,1,Шкала комплаентности Мориски-Грина (MMAS-8),7,Как часто Вы забывает принимать все назначенные препараты?,1,Иногда,InputRadio,
3,1,Шкала комплаентности Мориски-Грина (MMAS-8),7,Как часто Вы забывает принимать все назначенные препараты?,2,Как правило,InputRadio,
3,1,Шкала комплаентности Мориски-Грина (MMAS-8),7,Как часто Вы забывает принимать все назначенные препараты?,3,Все время,InputRadio,
3,2,"Опросник GERD-HRQL Вопросы по симптомам (кружком выбирается только один ответ: лучший показатель (здоровья) 0, а худший показатель (нездоровья) 5)",0,1. Как сильно выражена изжога?,0,0,InputRadio,
3,2,"Опросник GERD-HRQL Вопросы по симптомам (кружком выбирается только один ответ: лучший показатель (здоровья) 0, а худший показатель (нездоровья) 5)",0,1. Как сильно выражена изжога?,1,1,InputRadio,
3,2,"Опросник GERD-HRQL Вопросы по симптомам (кружком выбирается только один ответ: лучший показатель (здоровья) 0, а худший показатель (нездоровья) 5)",0,1. Как сильно выражена изжога?,2,2,InputRadio,
3,2,"Опросник GERD-HRQL Вопросы по симптомам (кружком выбирается только один ответ: лучший показатель (здоровья) 0, а худший показатель (нездоровья) 5)",0,1. Как сильно выражена изжога?,3,3,InputRadio,
3,2,"Опросник GERD-HRQL Вопросы по симптомам (кружком выбирается только один ответ: лучший показатель (здоровья) 0, а худший показатель (нездоровья) 5)",0,1. Как сильно выражена изжога?,4,4,InputRadio,
3,2,"Опросник GERD-HRQL Вопросы по симптомам (кружком выбирается только один ответ: лучший показатель (здоровья) 0, а худший показатель (нездоровья) 5)",0,1. Как сильно выражена изжога?,5,5,InputRadio,
3,2,"Опросник GERD-HRQL Вопросы по симптомам (кружком выбирается только один ответ: лучший показатель (здоровья) 0, а худший показатель (нездоровья) 5)",1,"2. Бывает ли изжога, когда ложитесь?",0,0,InputRadio,
3,2,"Опросник GERD-HRQL Вопросы по симптомам (кружком выбирается только один ответ: лучший показатель (здоровья) 0, а худший показатель (нездоровья) 5)",1,"2. Бывает ли изжога, когда ложитесь?",1,1,InputRadio,
3,2,"Опросник GERD-HRQL Вопросы по симптомам (кружком выбирается только один ответ: лучший показатель (здоровья) 0, а худший показатель (нездоровья) 5)",1,"2. Бывает ли изжога, когда ложитесь?",2,2,InputRadio,
3,2,"Опросник GERD-HRQL Вопросы по симптомам (кружком выбирается только один ответ: лучший показатель (здоровья) 0, а худший показатель (нездоровья) 5)",1,"2. Бывает ли изжога, когда ложитесь?",3,3,InputRadio,
3,2,"Опросник GERD-HRQL Вопросы по симптомам (кружком выбирается только один ответ: лучший показатель (здоровья) 0, а худший показатель (нездоровья) 5)",1,"2. Бывает ли изжога, когда ложитесь?",4,4,InputRadio,
3,2,"Опросник GERD-HRQL Вопросы по симптомам (кружком выбирается только один ответ: лучший показатель (здоровья) 0, а худший показатель (нездоровья) 5)",1,"2. Бывает ли изжога, когда ложитесь?",5,5,InputRadio,
3,2,"Опросник GERD-HRQL Вопросы по симптомам (кружком выбирается только один ответ: лучший показатель (здоровья) 0, а худший показатель (нездоровья) 5)",2,"3. Бывает ли изжога, когда встаете утром?",0,0,InputRadio,
3,2,"Опросник GERD-HRQL Вопросы по симптомам (кружком выбирается только один ответ: лучший показатель (здоровья) 0, а худший показатель (нездоровья) 5)",2,"3. Бывает ли изжога, когда встаете утром?",1,1,InputRadio,
3,2,"Опросник GERD-HRQL Вопросы по симптомам (кружком выбирается только один ответ: лучший показатель (здоровья) 0, а худший показатель (нездоровья) 5)",2,"3. Бывает ли изжога, когда встаете утром?",2,2,InputRadio,
3,2,"Опросник GERD-HRQL Вопросы по симптомам (кружком выбирается только один ответ: лучший показатель (здоровья) 0, а худший показатель (нездоровья) 5)",2,"3. Бывает ли изжога, когда встаете утром?",3,3,InputRadio,
3,2,"Опросник GERD-HRQL Вопросы по симптомам (кружком выбирается только один ответ: лучший показатель (здоровья) 0, а худший показатель (нездоровья) 5)",2,"3. Бывает ли изжога, когда встаете утром?",4,4,InputRadio,
3,2,"Опросник GERD-HRQL Вопросы по симптомам (кружком выбирается только один ответ: лучший показатель (здоровья) 0, а худший показатель (нездоровья) 5)",2,"3. Бывает ли изжога, когда встаете утром?",5,5,InputRadio,
3,2,"Опросник GERD-HRQL Вопросы по симптомам (кружком выбирается только один ответ: лучший показатель (здоровья) 0, а худший показатель (нездоровья) 5)",3,4. Есть ли изжога после еды?,0,0,InputRadio,
3,2,"Опросник GERD-HRQL Вопросы по симптомам (кружком выбирается только один ответ: лучший показатель (здоровья) 0, а худший показатель (нездоровья) 5)",3,4. Есть ли изжога после еды?,1,1,InputRadio,
3,2,"Опросник GERD-HRQL Вопросы по симптомам (кружком выбирается только один ответ: лучший показатель (здоровья) 0, а худший показатель (нездоровья) 5)",3,4. Есть ли изжога после еды?,2,2,InputRadio,
3,2,"Опросник GERD-HRQL Вопросы по симптомам (кружком выбирается только один ответ: лучший показатель (здоровья) 0, а худший показатель (нездоровья) 5)",3,4. Есть ли изжога после еды?,3,3,InputRadio,
3,2,"Опросник GERD-HRQL Вопросы по симптомам (кружком выбирается только один ответ: лучший показатель (здоровья) 0, а худший показатель (нездоровья) 5)",3,4. Есть ли изжога после еды?,4,4,InputRadio,
3,2,"Опросник GERD-HRQL Вопросы по симптомам (кружком выбирается только один ответ: лучший показатель (здоровья) 0, а худший показатель (нездоровья) 5)",3,4. Есть ли изжога после еды?,5,5,InputRadio,
3,2,"Опросник GERD-HRQL Вопросы по симптомам (кружком выбирается только один ответ: лучший показатель (здоровья) 0, а худший показатель (нездоровья) 5)",4,5. Влияет ли изжога на ваш выбор питания?,0,0,InputRadio,
3,2,"Опросник GERD-HRQL Вопросы по симптомам (кружком выбирается только один ответ: лучший показатель (здоровья) 0, а худший показатель (нездоровья) 5)",4,5. Влияет ли изжога на ваш выбор питания?,1,1,InputRadio,
3,2,"Опросник GERD-HRQL Вопросы по симптомам (кружком выбирается только один ответ: лучший показатель (здоровья) 0, а худший показатель (нездоровья) 5)",4,5. Влияет ли изжога на ваш выбор питания?,2,2,InputRadio,
3,2,"Опросник GERD-HRQL Вопросы по симптомам (кружком выбирается только один ответ: лучший показатель (здоровья) 0, а худший показатель (нездоровья) 5)",4,5. Влияет ли изжога на ваш выбор питания?,3,3,InputRadio,
3,2,"Опросник GERD-HRQL Вопросы по симптомам (кружком выбирается только один ответ: лучший показатель (здоровья) 0, а худший показатель (нездоровья) 5)",4,5. Влияет ли изжога на ваш выбор питания?,4,4,InputRadio,
3,2,"Опросник GERD-HRQL Вопросы по симптомам (кружком выбирается только один ответ: лучший показатель (здоровья) 0, а худший показатель (нездоровья) 5)",4,5. Влияет ли изжога на ваш выбор питания?,5,5,InputRadio,
3,2,"Опросник GERD-HRQL Вопросы по симптомам (кружком выбирается только один ответ: лучший показатель (здоровья) 0, а худший показатель (нездоровья) 5)",5,6. Вызывает ли изжога нарушение сна (просыпаетесь ли от изжоги)?,0,0,InputRadio,
3,2,"Опросник GERD-HRQL Вопросы по симптомам (кружком выбирается только один ответ: лучший показатель (здоровья) 0, а худший показатель (нездоровья) 5)",5,6. Вызывает ли изжога нарушение сна (просыпаетесь ли от изжоги)?,1,1,InputRadio,
3,2,"Опросник GERD-HRQL Вопросы по симптомам (кружком выбирается только один ответ: лучший показатель (здоровья) 0, а худший показатель (нездоровья) 5)",5,6. Вызывает ли изжога нарушение сна (просыпаетесь ли от изжоги)?,2,2,InputRadio,
3,2,"Опросник GERD-HRQL Вопросы по симптомам (кружком выбирается только один ответ: лучший показатель (здоровья) 0, а худший показатель (нездоровья) 5)",5,6. Вызывает ли изжога нарушение сна (просыпаетесь ли от изжоги)?,3,3,InputRadio,
3,2,"Опросник GERD-HRQL Вопросы по симптомам (кружком выбирается только один ответ: лучший показатель (здоровья) 0, а худший показатель (нездоровья) 5)",5,6. Вызывает ли изжога нарушение сна (просыпаетесь ли от изжоги)?,4,4,InputRadio,
3,2,"Опросник GERD-HRQL Вопросы по симптомам (кружком выбирается только один ответ: лучший показатель (здоровья) 0, а худший показатель (нездоровья) 5)",5,6. Вызывает ли изжога нарушение сна (просыпаетесь ли от изжоги)?,5,5,InputRadio,
3,2,"Опросник GERD-HRQL Вопросы по симптомам (кружком выбирается только один ответ: лучший показатель (здоровья) 0, а худший показатель (нездоровья) 5)",6,7. Бывает ли у вас трудное глотание (нарушение глотания)?,0,0,InputRadio,
3,2,"Опросник GERD-HRQL Вопросы по симптомам (кружком выбирается только один ответ: лучший показатель (здоровья) 0, а худший показатель (нездоровья) 5)",6,7. Бывает ли у вас трудное глотание (нарушение глотания)?,1,1,InputRadio,
3,2,"Опросник GERD-HRQL Вопросы по симптомам (кружком выбирается только один ответ: лучший показатель (здоровья) 0, а худший показатель (нездоровья) 5)",6,7. Бывает ли у вас трудное глотание (нарушение глотания)?,2,2,InputRadio,
3,2,"Опросник GERD-HRQL Вопросы по симптомам (кружком выбирается только один ответ: лучший показатель (здоровья) 0, а худший показатель (нездоровья) 5)",6,7. Бывает ли у вас трудное глотание (нарушение глотания)?,3,3,InputRadio,
3,2,"Опросник GERD-HRQL Вопросы по симптомам (кружком выбирается только один ответ: лучший показатель (здоровья) 0, а худший показатель (нездоровья) 5)",6,7. Бывает ли у вас трудное глотание (нарушение глотания)?,4,4,InputRadio,
3,2,"Опросник GERD-HRQL Вопросы по симптомам (кружком выбирается только один ответ: лучший показатель (здоровья) 0, а худший показатель (нездоровья) 5)",6,7. Бывает ли у вас трудное глотание (нарушение глотания)?,5,5,InputRadio,
3,2,"Опросник GERD-HRQL Вопросы по симптомам (кружком выбирается только один ответ: лучший показатель (здоровья) 0, а худший показатель (нездоровья) 5)",7,8. Бывает ли у вас боли при глотании?,0,0,InputRadio,
3,2,"Опросник GERD-HRQL Вопросы по симптомам (кружком выбирается только один ответ: лучший показатель (здоровья) 0, а худший показатель (нездоровья) 5)",7,8. Бывает ли у вас боли при глотании?,1,1,InputRadio,
3,2,"Опросник GERD-HRQL Вопросы по симптомам (кружком выбирается только один ответ: лучший показатель (здоровья) 0, а худший показатель (нездоровья) 5)",7,8. Бывает ли у вас боли при глотании?,2,2,InputRadio,
3,2,"Опросник GERD-HRQL Вопросы по симптомам (кружком выбирается только один ответ: лучший показатель (здоровья) 0, а худший показатель (нездоровья) 5)",7,8. Бывает ли у вас боли при глотании?,3,3,InputRadio,
3,2,"Опросник GERD-HRQL Вопросы по симптомам (кружком выбирается только один ответ: лучший показатель (здоровья) 0, а худший показатель (нездоровья) 5)",7,8. Бывает ли у вас боли при глотании?,4,4,InputRadio,
3,2,"Опросник GERD-HRQL Вопросы по симптомам (кружком выбирается только один ответ: лучший показатель (здоровья) 0, а худший показатель (нездоровья) 5)",7,8. Бывает ли у вас боли при глотании?,5,5,InputRadio,
3,2,"Опросник GERD-HRQL Вопросы по симптомам (кружком выбирается только один ответ: лучший показатель (здоровья) 0, а худший показатель (нездоровья) 5)",8,9. Чувствуете ли вы вздутие или распирание вверху живота?,0,0,InputRadio,
3,2,"Опросник GERD-HRQL Вопросы по симптомам (кружком выбирается только один ответ: лучший показатель (здоровья) 0, а худший показатель (нездоровья) 5)",8,9. Чувствуете ли вы вздутие или распирание вверху живота?,1,1,InputRadio,
3,2,"Опросник GERD-HRQL Вопросы по симптомам (кружком выбирается только один ответ: лучший показатель (здоровья) 0, а худший показатель (нездоровья) 5)",8,9. Чувствуете ли вы вздутие или распирание вверху живота?,2,2,InputRadio,
3,2,"Опросник GERD-HRQL Вопросы по симптомам (кружком выбирается только один ответ: лучший показатель (здоровья) 0, а худший показатель (нездоровья) 5)",8,9. Чувствуете ли вы вздутие или распирание вверху живота?,3,3,InputRadio,
3,2,"Опросник GERD-HRQL Вопросы по симптомам (кружком выбирается только один ответ: лучший показатель (здоровья) 0, а худший показатель (нездоровья) 5)",8,9. Чувствуете ли вы вздутие или распирание вверху живота?,4,4,InputRadio,
3,2,"Опросник GERD-HRQL Вопросы по симптомам (кружком выбирается только один ответ: лучший показатель (здоровья) 0, а худший показатель (нездоровья) 5)",8,9. Чувствуете ли вы вздутие или распирание вверху живота?,5,5,InputRadio,
3,2,"Опросник GERD-HRQL Вопросы по симптомам (кружком выбирается только один ответ: лучший показатель (здоровья) 0, а худший показатель (нездоровья) 5)",9,"10. Если вы принимаете лекарства, то эффективны ли они на весь день?",0,0,InputRadio,
3,2,"Опросник GERD-HRQL Вопросы по симптомам (кружком выбирается только один ответ: лучший показатель (здоровья) 0, а худший показатель (нездоровья) 5)",9,"10. Если вы принимаете лекарства, то эффективны ли они на весь день?",1,1,InputRadio,
3,2,"Опросник GERD-HRQL Вопросы по симптомам (кружком выбирается только один ответ: лучший показатель (здоровья) 0, а худший показатель (нездоровья) 5)",9,"10. Если вы принимаете лекарства, то эффективны ли они на весь день?",2,2,InputRadio,
3,2,"Опросник GERD-HRQL Вопросы по симптомам (кружком выбирается только один ответ: лучший показатель (здоровья) 0, а худший показатель (нездоровья) 5)",9,"10. Если вы принимаете лекарства, то эффективны ли они на весь день?",3,3,InputRadio,
3,2,"Опросник GERD-HRQL Вопросы по симптомам (кружком выбирается только один ответ: лучший показатель (здоровья) 0, а худший показатель (нездоровья) 5)",9,"10. Если вы принимаете лекарства, то эффективны ли они на весь день?",4,4,InputRadio,
3,2,"Опросник GERD-HRQL Вопросы по симптомам (кружком выбирается только один ответ: лучший показатель (здоровья) 0, а худший показатель (нездоровья) 5)",9,"10. Если вы принимаете лекарства, то эффективны ли они на весь день?",5,5,InputRadio,
3,2,"Опросник GERD-HRQL Вопросы по симптомам (кружком выбирается только один ответ: лучший показатель (здоровья) 0, а худший показатель (нездоровья) 5)",10,"11. Как вы оцениваете удовлетворенность вашим настоящим состоянием, самочувствием (поставить х или v)",0,удовлетворен,InputRadio,
3,2,"Опросник GERD-HRQL Вопросы по симптомам (кружком выбирается только один ответ: лучший показатель (здоровья) 0, а худший показатель (нездоровья) 5)",10,"11. Как вы оцениваете удовлетворенность вашим настоящим состоянием, самочувствием (поставить х или v)",1,нейтрально,InputRadio,
3,2,"Опросник GERD-HRQL Вопросы по симптомам (кружком выбирается только один ответ: лучший показатель (здоровья) 0, а худший показатель (нездоровья) 5)",10,"11. Как вы оцениваете удовлетворенность вашим настоящим состоянием, самочувствием (поставить х или v)",2,Не удовлетворен,InputRadio,
3,2,"Опросник GERD-HRQL Вопросы по симптомам (кружком выбирается только один ответ: лучший показатель (здоровья) 0, а худший показатель (нездоровья) 5)",11,Индекс GERD-HRQL,0,,OutputValue,
3,3,,0,Просим Вас отметить сохраняющиеся на данный момент клинические проявления эрозивной формой ГЭРБ (отметить все подходящие),0,Изжога,InputCheckbox,
3,3,,0,Просим Вас отметить сохраняющиеся на данный момент клинические проявления эрозивной формой ГЭРБ (отметить все подходящие),1,Регургитация,InputCheckbox,
3,3,,0,Просим Вас отметить сохраняющиеся на данный момент клинические проявления эрозивной формой ГЭРБ (отметить все подходящие),2,Отрыжка,InputCheckbox,
3,3,,0,Просим Вас отметить сохраняющиеся на данный момент клинические проявления эрозивной формой ГЭРБ (отметить все подходящие),3,Срыгивания,InputCheckbox,
3,3,,0,Просим Вас отметить сохраняющиеся на данный момент клинические проявления эрозивной формой ГЭРБ (отметить все подходящие),4,Одинофагия,InputCheckbox,
3,3,,0,Просим Вас отметить сохраняющиеся на данный момент клинические проявления эрозивной формой ГЭРБ (отметить все подходящие),5,Дисфагия,InputCheckbox,
3,3,,0,Просим Вас отметить сохраняющиеся на данный момент клинические проявления эрозивной формой ГЭРБ (отметить все подходящие),6,Бронхиальная астма,InputCheckbox,
3,3,,0,Просим Вас отметить сохраняющиеся на данный момент клинические проявления эрозивной формой ГЭРБ (отметить все подходящие),7,Хронический ларингит,InputCheckbox,
3,3,,0,Просим Вас отметить сохраняющиеся на данный момент клинические проявления эрозивной формой ГЭРБ (отметить все подходящие),8,Осиплость голоса,InputCheckbox,
3,3,,0,Просим Вас отметить сохраняющиеся на данный момент клинические проявления эрозивной формой ГЭРБ (отметить все подходящие),9,Хронический сухой кашель,InputCheckbox,
3,3,,0,Просим Вас отметить сохраняющиеся на данный момент клинические проявления эрозивной формой ГЭРБ (отметить все подходящие),10,Эрозии зубной эмали,InputCheckbox,
3,3,,0,Просим Вас отметить сохраняющиеся на данный момент клинические проявления эрозивной формой ГЭРБ (отметить все подходящие),11,Афтозный стоматит,InputCheckbox,
3,3,,0,Просим Вас отметить сохраняющиеся на данный момент клинические проявления эрозивной формой ГЭРБ (отметить все подходящие),12,"Боли в груди по ходу пищевода, не связанные с физической нагрузкой",InputCheckbox,
3,3,,1,"Симптомы эрозивного эзофагита (например, изжога, отрыжка) чаще всего возникают:",0,Днем,InputRadio,
3,3,,1,"Симптомы эрозивного эзофагита (например, изжога, отрыжка) чаще всего возникают:",1,Ночью,InputRadio,
3,4,,0,Степень рефлюкс-эзофагита (согласно Лос-Анджелесской классификации),0,"степень А – поражение слизистой оболочки в пределах ее складок, при этом размер каждого участка поражения не превышает 5 мм;",InputRadio,
3,4,,0,Степень рефлюкс-эзофагита (согласно Лос-Анджелесской классификации),1,"степень В – размер, по крайней мере, одного участка поражения превышает 5 мм; поражение в пределах одной складки, но не соединяет две складки;",InputRadio,
3,4,,0,Степень рефлюкс-эзофагита (согласно Лос-Анджелесской классификации),2,"степень С – участки поражения соединены между вершинами двух или более складок, но в процесс вовлечено менее 75% окружности пищевода;",InputRadio,
3,4,,0,Степень рефлюкс-эзофагита (согласно Лос-Анджелесской классификации),3,степень D – участки поражения охватывают не менее 75% окружности пищевода.,InputRadio,
3,5,,0,Длительность приема пациентом препарата Париет,0,менее 14 дней,InputRadio,
3,5,,0,Длительность приема пациентом препарата Париет,1,14-28 дней,InputRadio,
3,5,,0,Длительность приема пациентом препарата Париет,2,29-56 дней,InputRadio,
3,5,,0,Длительность приема пациентом препарата Париет,3,57-112 дней,InputRadio,
3,5,,0,Длительность приема пациентом препарата Париет,4,Более 112 дней,InputRadio,
3,5,,1,Регулярность приема пациентом препарата Париет,0,Да,InputRadio,
3,5,,1,Регулярность приема пациентом препарата Париет,1,Нет,InputRadio,
3,5,,2,Длительность назначенной поддерживающей терапии препаратом Париет,0,не назначена,InputRadio,
3,5,,2,Длительность назначенной поддерживающей терапии препаратом Париет,1,менее 16 недель,InputRadio,
3,5,,2,Длительность назначенной поддерживающей терапии препаратом Париет,2,16-32 недели,InputRadio,
3,5,,2,Длительность назначенной поддерживающей терапии препаратом Париет,3,33-52 недели,InputRadio,
3,5,,2,Длительность назначенной поддерживающей терапии препаратом Париет,4,Более 52 недель,InputRadio,
3,5,,3,Отмечалась ли у пациента(ки) какая-либо нежелательная реакция?,0,Да,InputRadio,
3,5,,3,Отмечалась ли у пациента(ки) какая-либо нежелательная реакция?,1,Нет,InputRadio,
3,6,,0,Количества контактов с доктором в течении курса терапии в приложении Незабудка,0,1-2,InputRadio,
3,6,,0,Количества контактов с доктором в течении курса терапии в приложении Незабудка,1,3-5,InputRadio,
3,6,,0,Количества контактов с доктором в течении курса терапии в приложении Незабудка,2,более 5,InputRadio,
3,6,,0,Количества контактов с доктором в течении курса терапии в приложении Незабудка,3,более 10,InputRadio,
3,6,,0,Количества контактов с доктором в течении курса терапии в приложении Незабудка,4,более 20,InputRadio,
3,6,,1,"Что, на Ваш взгляд, что способствовало увеличению приверженности пациента лечению:",0,напоминания о приеме препарата,InputRadio,
3,6,,1,"Что, на Ваш взгляд, что способствовало увеличению приверженности пациента лечению:",1,информационные материалы,InputRadio,
3,6,,1,"Что, на Ваш взгляд, что способствовало увеличению приверженности пациента лечению:",2,возможность коммуникации с врачом,InputRadio,
3,6,,1,"Что, на Ваш взгляд, что способствовало увеличению приверженности пациента лечению:",3,возможность купить продукт по специальной цене,InputRadio,
3,6,,2,Удобно ли Вам было коммуницировать с пациентом при помощи приложения Незабудка?,0,Да,InputRadio,
3,6,,2,Удобно ли Вам было коммуницировать с пациентом при помощи приложения Незабудка?,1,Нет,InputRadio,
3,6,,3,Понравилось ли приложение Незабудка пациенту?,0,Да,InputRadio,
3,6,,3,Понравилось ли приложение Незабудка пациенту?,1,Нет,InputRadio,
3,6,,4,"Помогает ли приложение Незабудка соблюдать терапию, назначенную врачом?",0,Да,InputRadio,
3,6,,4,"Помогает ли приложение Незабудка соблюдать терапию, назначенную врачом?",1,Нет,InputRadio,
3,6,,5,"Помогает ли научная информация, представленная в приложении Незабудка, соблюдать терапию назначенную врачом?",0,Да,InputRadio,
3,6,,5,"Помогает ли научная информация, представленная в приложении Незабудка, соблюдать терапию назначенную врачом?",1,Нет,InputRadio,